min,max,q,median,mean,q3,var,iqr
-5.412101745605469e-05,2.0197601318359375,0.000380992889404,0.00118112564087,0.0381423838062,0.00270009040833,0.0267405901983,0.00231909751892
-5.793571472167969e-05,2.0203568935394287,0.000383853912354,0.0012229681015,0.038639936104,0.00301831960678,0.0274062838497,0.00263446569443
-2.9802322387695312e-05,2.0198209285736084,0.000396907329559,0.00128746032715,0.0399388727352,0.0031909942627,0.0280470522905,0.00279408693314
-1.8835067749023438e-05,2.453066110610962,0.000392436981201,0.00127255916595,0.0415761333295,0.00313413143158,0.0301878842642,0.00274169445038
-2.7179718017578125e-05,3.318790912628174,0.000374555587769,0.00121688842773,0.0417957663466,0.00306391716003,0.0338875796023,0.00268936157227
-1.5974044799804688e-05,6.526959180831909,0.000411987304688,0.00126910209656,0.0442516957633,0.00304901599884,0.0510074868314,0.00263702869415
-1.5974044799804688e-05,6.494113922119141,0.000395536422729,0.00121402740479,0.0664966218694,0.00303292274475,0.144949360305,0.00263738632202
-2.09808349609375e-05,3.7912981510162354,0.000397026538849,0.00122034549713,0.0433782265817,0.0030734539032,0.0381508317682,0.00267642736435
-1.1920928955078125e-05,7.9835450649261475,0.00041651725769,0.00126004219055,0.0470558857862,0.00305151939392,0.0732648082849,0.00263500213623
-1.811981201171875e-05,7.8957200050354,0.00039541721344,0.00129199028015,0.0460338929003,0.00297605991364,0.0604509631382,0.0025806427002
-2.7179718017578125e-05,9.970337152481079,0.000412940979004,0.00128197669983,0.0464964094558,0.00304293632507,0.0727277621223,0.00262999534607
-2.384185791015625e-05,2.0235610008239746,0.000382125377655,0.00123310089111,0.0388754440877,0.00311523675919,0.0269554017053,0.00273311138153
-2.4080276489257812e-05,2.099618911743164,0.000382721424103,0.00123250484467,0.0384871181078,0.00310671329498,0.0256937673061,0.00272399187088
-4.696846008300781e-05,7.136760950088501,0.00041002035141,0.00123500823975,0.0462325454314,0.00304740667343,0.0600126005292,0.00263738632202
-3.2901763916015625e-05,6.0978920459747314,0.00040602684021,0.00121164321899,0.0439194219842,0.0030762553215,0.0484486421507,0.00267022848129
-7.009506225585938e-05,5.041201114654541,0.000406980514526,0.00127696990967,0.043198656747,0.00347685813904,0.0398340186179,0.00306987762451
-2.8133392333984375e-05,2.0340189933776855,0.000380992889404,0.00129044055939,0.0416150399123,0.00336384773254,0.0294178395832,0.00298285484314
-2.4080276489257812e-05,2.020536184310913,0.000383913516998,0.00129151344299,0.0400442935677,0.00330203771591,0.0284715183234,0.00291812419891
-1.5974044799804688e-05,2.0236120223999023,0.000413119792938,0.00132203102112,0.0419727296184,0.00298833847046,0.02809985915,0.00257521867752
-9.059906005859375e-06,4.349908113479614,0.000401973724365,0.00120413303375,0.0407588734905,0.00297713279724,0.0354446609422,0.00257515907288
-1.4066696166992188e-05,28.29758095741272,8.72611999512E-05,0.000764608383179,0.183914936812,0.0276256799698,1.95551331183,0.0275384187698
-2.4080276489257812e-05,28.58557915687561,9.82880592346E-05,0.000603079795837,0.192967434289,0.0261163115501,2.32566779569,0.0260180234909
-5.1975250244140625e-05,46.329888105392456,8.20159912109E-05,0.000447034835815,0.219963903343,0.0116221904755,4.00337538006,0.0115401744843
-1.71661376953125e-05,27.709622859954834,7.30752944946E-05,0.000454902648926,0.205655273094,0.0155490636826,2.32520028308,0.0154759883881
-4.38690185546875e-05,29.68228006362915,8.82744789124E-05,0.000567555427551,0.148274401681,0.0267919301987,1.42996358316,0.0267036557198
-1.71661376953125e-05,27.75167989730835,9.18507575989E-05,0.000510573387146,0.154084573935,0.0196219086647,1.3428911183,0.0195300579071
-2.8133392333984375e-05,21.247793912887573,5.42998313904E-05,0.000356078147888,0.147518891113,0.00441235303879,1.21059331302,0.0043580532074
-2.6941299438476562e-05,15.072346925735474,5.49554824829E-05,0.000333070755005,0.173898941913,0.00998497009277,1.18577434013,0.00993001461029
-1.0013580322265625e-05,47.51735997200012,5.31673431396E-05,0.000312805175781,0.235233758046,0.00449299812317,6.18664750318,0.00443983078003
-3.504753112792969e-05,23.186957836151123,6.75916671753E-05,0.000335931777954,0.162548281347,0.00801813602448,1.6150393233,0.0079505443573
-2.09808349609375e-05,29.65225315093994,8.48770141602E-05,0.00047492980957,0.189188763256,0.0268461704254,1.80490857536,0.0267612934113
-2.47955322265625e-05,27.853512048721313,7.48634338379E-05,0.000434041023254,0.194435495516,0.0115446448326,2.15971845947,0.0114697813988
-2.09808349609375e-05,28.357575178146362,8.82744789124E-05,0.000580430030823,0.181540707794,0.0219570994377,2.23366887207,0.0218688249588
-8.20159912109375e-05,29.660155057907104,8.64267349243E-05,0.000542163848877,0.147239239508,0.0239365100861,1.48379304064,0.0238500833511
-9.059906005859375e-06,336.5014169216156,5.50746917725E-05,0.000348567962646,0.666800925732,0.00525671243668,165.052685006,0.0052016377449
-3.1948089599609375e-05,13.869431972503662,6.80685043335E-05,0.000394821166992,0.132579009364,0.00935399532318,0.836811483299,0.00928592681885
-2.09808349609375e-05,10.991411209106445,6.31809234619E-05,0.000418543815613,0.137227545306,0.00867545604706,0.691714688239,0.0086122751236
-2.9087066650390625e-05,32.33146381378174,6.03199005127E-05,0.000319004058838,0.18534061354,0.00519704818726,2.32809012434,0.00513672828674
-1.5020370483398438e-05,29.596365928649902,8.50558280945E-05,0.000535488128662,0.152961869747,0.0253185629845,1.46689414165,0.0252335071564
-2.7179718017578125e-05,29.672183990478516,8.98838043213E-05,0.000510454177856,0.157632318904,0.0214101076126,1.49804932842,0.0213202238083
2.1457672119140625e-06,9.784422159194946,0.000900506973267,0.00709700584412,0.0863366313603,0.0133329629898,0.399331789504,0.0124324560165
2.1457672119140625e-06,56.35970211029053,0.000908195972443,0.00469553470612,0.119164890804,0.0131630301476,5.42963130904,0.0122548341751
9.5367431640625e-07,4.418344974517822,0.00130093097687,0.00587141513824,0.0345544340701,0.0130794048309,0.0492946090551,0.0117784738541
0,4.999006032943726,0.000896036624908,0.00539207458496,0.0645632106964,0.0133411288261,0.12590530457,0.0124450922012
5.0067901611328125e-06,9.843769073486328,0.0011670589447,0.00447607040405,0.0699194014384,0.0129411220551,0.363586637131,0.0117740631104
1.8835067749023438e-05,2.0010440349578857,0.0612299442291,0.340013980865,0.542701675778,0.683122158051,0.400074189585,0.621892213821
2.09808349609375e-05,51.189640045166016,0.0115349292755,0.111679553986,2.66613794457,0.678950786591,112.342258049,0.667415857315
2.384185791015625e-05,2.0007290840148926,0.071728348732,0.22832095623,0.611300273375,0.971077561378,0.499201631413,0.899349212646
1.9073486328125e-05,2.000006914138794,0.0315167307854,0.241986989975,0.607148040425,1.05129557848,0.507873971459,1.01977884769
2.4080276489257812e-05,1.7126801013946533,0.0354244709015,0.228008985519,0.386675320174,0.531926512718,0.20038398325,0.496502041817
4.38690185546875e-05,66.75346899032593,0.00741195678711,0.216014862061,3.20852968216,1.21730995178,168.727014513,1.209897995
3.314018249511719e-05,2.000049114227295,0.0267207026482,0.265983462334,0.603078820489,1.02327644825,0.506634216065,0.996555745602
2.09808349609375e-05,1.192795991897583,0.0326229929924,0.190724492073,0.314232283168,0.506763637066,0.104683628082,0.474140644073
2.5033950805664062e-05,1.271662950515747,0.0147036910057,0.120255470276,0.261172935367,0.429061233997,0.105051182936,0.414357542992
2.002716064453125e-05,61.64006018638611,0.0207254886627,0.213660955429,3.08925330121,0.571238040924,156.132609549,0.550512552261
3.600120544433594e-05,2.0000181198120117,0.052719771862,0.190014600754,0.439889407158,0.571025550365,0.320651268238,0.518305778503
0.00023889541625976562,4.004106044769287,0.0148915052414,0.169389009476,0.470593064518,0.993264079094,0.517914062524,0.978372573853
6.699562072753906e-05,4.0002100467681885,0.0156744122505,0.161022543907,0.462282200654,0.96733289957,0.512232700367,0.95165848732
9.584426879882812e-05,4.000033855438232,0.0300834774971,0.162280440331,0.44096865505,0.76309800148,0.451764264644,0.733014523983
9.584426879882812e-05,4.000033855438232,0.0281589031219,0.15961098671,0.434293354475,0.761008024216,0.447665862006,0.732849121094
0.00010013580322265625,2.8803091049194336,0.025442481041,0.119319200516,0.47115713863,0.999773979187,0.408344747651,0.974331498146
0.00031304359436035156,3.1127870082855225,0.0228815078735,0.233805894852,0.441422920674,0.535880982876,0.37795684841,0.512999475002
5.4836273193359375e-05,3.9998250007629395,0.0242123603821,0.132237434387,0.482855300109,0.999190866947,0.531962810731,0.974978506565
5.91278076171875e-05,4.004770994186401,0.0107629299164,0.133507013321,0.470181230639,0.99972987175,0.50810606508,0.988966941833
5.817413330078125e-05,3.5316929817199707,0.0217185616493,0.16063952446,0.480785469214,0.999949634075,0.457564998891,0.978231072426
4.291534423828125e-05,2.8533859252929688,0.0176202058792,0.139619588852,0.491398882866,0.999873518944,0.422104503267,0.982253313065
9.989738464355469e-05,3.0871689319610596,0.0133615732193,0.163748025894,0.467602029679,0.987363934517,0.434489608122,0.974002361298
7.200241088867188e-05,4.000050783157349,0.016027867794,0.15186548233,0.475826613365,0.96509873867,0.508644689833,0.949070870876
0.00031304359436035156,4.003885984420776,0.0156985521317,0.118965506554,0.460916070143,0.995933234692,0.522198947979,0.98023468256
5.602836608886719e-05,4.002884864807129,0.0148214101791,0.172755002975,0.501363220861,0.999931097031,0.491694132243,0.985109686852
5.412101745605469e-05,3.9999630451202393,0.0330171585083,0.156866550446,0.475715452625,0.981013536453,0.499152283346,0.947996377945
9.107589721679688e-05,3.999079942703247,0.00927340984344,0.151474952698,0.500937203229,0.999210476875,0.562926733593,0.989937067032
0.00012087821960449219,4.00396990776062,0.0128281116486,0.135726928711,0.502530287888,0.999711036682,0.563696420854,0.986882925034
0.0001049041748046875,4.004075050354004,0.00823199748993,0.201419115067,0.488740407814,0.998905897141,0.527559604752,0.990673899651
0.00011205673217773438,4.000003814697266,0.0113117694855,0.111097574234,0.460884547234,0.999556601048,0.520927963483,0.988244831562
5.888938903808594e-05,2.864825963973999,0.0143234729767,0.155645012856,0.491490499179,0.998763024807,0.432004476672,0.98443955183
6.9141387939453125e-06,20.85868811607361,0.00104999542236,0.00554609298706,0.243816491151,0.0245069265366,2.58101060044,0.0234569311142
6.9141387939453125e-06,16.433801889419556,0.00127363204956,0.00517892837524,0.246524495738,0.0257902145386,2.07635829643,0.024516582489
5.9604644775390625e-06,23.726233959197998,0.00102698802948,0.00444841384888,0.20699368545,0.0278556346893,2.19399956565,0.0268286466599
-3.0994415283203125e-06,6.5102198123931885,0.00212383270264,0.00880885124207,0.350432210498,0.130985975266,1.06181320072,0.128862142563
2.86102294921875e-06,21.639400005340576,0.00125443935394,0.0052216053009,0.243599982528,0.0263161659241,2.55822382686,0.0250617265701
2.86102294921875e-06,25.57357907295227,0.00103181600571,0.00401556491852,0.255596559944,0.0255117416382,3.24074742087,0.0244799256325
5.0067901611328125e-06,33.16682004928589,0.00116926431656,0.00496792793274,0.258403199176,0.0301285386086,4.07502066093,0.028959274292
5.9604644775390625e-06,25.540541887283325,0.00133800506592,0.00764489173889,0.208009287672,0.0591634511948,2.01500595139,0.0578254461288
5.9604644775390625e-06,19.546432971954346,0.00129729509354,0.0084844827652,0.244648376821,0.027026116848,2.51439191625,0.0257288217545
4.0531158447265625e-06,17.53862714767456,0.00144600868225,0.00646996498108,0.197318939967,0.0554370880127,1.03163504627,0.0539910793304
1.9073486328125e-06,19.99973201751709,0.00121802091599,0.00422358512878,0.243172957864,0.0259845256805,2.46922779338,0.0247665047646
-1.9073486328125e-06,41.09112191200256,0.00187492370605,0.00624394416809,0.271841242239,0.0259990692139,6.1017072904,0.0241241455078
5.9604644775390625e-06,25.56406307220459,0.00157856941223,0.00531220436096,0.252818141304,0.0259034633636,3.20802403286,0.0243248939514
5.0067901611328125e-06,19.449881076812744,0.00149536132812,0.00510036945343,0.253553130039,0.0341465473175,2.2458916875,0.0326511859894
5.9604644775390625e-06,24.989078044891357,0.00161945819855,0.00533187389374,0.209334058124,0.0337448120117,2.005989072,0.0321253538132
5.9604644775390625e-06,20.403450965881348,0.0013861656189,0.00483894348145,0.254636572444,0.0235779285431,2.98362405948,0.0221917629242
-2.86102294921875e-06,27.82341194152832,0.00131702423096,0.00465798377991,0.25262897893,0.0300121307373,3.45812373902,0.0286951065063
7.152557373046875e-06,19.305879831314087,0.00097382068634,0.00555086135864,0.2489675607,0.0252811908722,2.79645640103,0.0243073701859
2.1457672119140625e-06,20.64273715019226,0.00118017196655,0.00485706329346,0.249634629715,0.0254390239716,2.36075484238,0.024258852005
4.0531158447265625e-06,17.888339042663574,0.00165265798569,0.0103340148926,0.201135603409,0.0555321574211,1.04895198101,0.0538794994354
1.8835067749023438e-05,20.74902582168579,0.00726217031479,0.0188856124878,0.865272467787,0.183176577091,11.1807702752,0.175914406776
2.002716064453125e-05,22.64546799659729,0.00635695457458,0.0289251804352,0.830347244556,0.171768188477,10.2565429709,0.165411233902
1.5020370483398438e-05,20.625869035720825,0.00710296630859,0.0287868976593,0.512107585027,0.163436174393,6.47987926312,0.156333208084
2.288818359375E-05,20.61850905418396,0.00708746910095,0.0216429233551,0.803360700607,0.169838070869,12.1584562732,0.162750601768
2.193450927734375e-05,22.08052396774292,0.00648266077042,0.0246394872665,0.537933970943,0.200930058956,7.28177300874,0.194447398186
1.6927719116210938e-05,14.123813152313232,0.00671726465225,0.0232385396957,0.49006799981,0.164895713329,3.72911689942,0.158178448677
1.5974044799804688e-05,14.108865976333618,0.0133273601532,0.087863445282,0.563992373645,0.410078167915,3.00103832841,0.396750807762
2.384185791015625e-05,22.78077006340027,0.00705599784851,0.0283739566803,0.78614039352,0.168074131012,12.5177536297,0.161018133163
1.9073486328125e-05,22.680114030838013,0.0059968829155,0.0523489713669,0.813754855133,0.229218482971,11.2887942779,0.223221600056
1.8835067749023438e-05,20.482392072677612,0.00621807575226,0.0345270633698,0.803554371222,0.178904414177,8.98010930894,0.172686338425
1.9073486328125e-05,15.524861097335815,0.00682079792023,0.022234916687,0.554194317924,0.168975114822,4.38928267881,0.162154316902
1.7881393432617188e-05,22.759836196899414,0.00611209869385,0.0290529727936,0.833313446779,0.170032978058,11.3311798507,0.163920879364
1.9073486328125e-05,21.665178060531616,0.00742411613464,0.0315744876862,0.772340628079,0.173420846462,12.1095192433,0.165996730328
1.9073486328125e-05,22.70951199531555,0.00424551963806,0.0217349529266,0.851684613014,0.180797576904,10.4689395701,0.176552057266
1.3113021850585938e-05,20.634534120559692,0.00724792480469,0.0271952152252,1.08725063115,0.405650854111,15.3795552369,0.398402929306
1.71661376953125e-05,20.6981680393219,0.0062689781189,0.0338070392609,0.867397301818,0.357279062271,11.3489115624,0.351010084152
2.002716064453125e-05,17.46456503868103,0.00707936286926,0.0355935096741,0.819035775734,0.185765028,8.27925946075,0.178685665131
1.8835067749023438e-05,22.593218088150024,0.00550198554993,0.0324449539185,0.864798856818,0.19037604332,12.3395924095,0.18487405777
1.9073486328125e-05,14.975474834442139,0.00835192203522,0.0357620716095,0.500336556208,0.194579482079,3.90992255833,0.186227560043
1.8835067749023438e-05,20.534734964370728,0.0075569152832,0.0301060676575,0.60947472058,0.286627054214,5.3104846199,0.279070138931
3.0040740966796875e-05,1.2420949935913086,0.0101734995842,0.0316344499588,0.111286103725,0.073693215847,0.0471935270932,0.0635197162628
1.7881393432617188e-05,2.2184560298919678,0.0101725459099,0.0303204059601,0.170134968617,0.0649474263191,0.155067838646,0.0547748804092
1.7881393432617188e-05,25.020933151245117,0.0101583600044,0.0398119688034,0.572106951759,0.298242092133,7.41109539509,0.288083732128
3.0994415283203125e-05,1.8570849895477295,0.0101307630539,0.0301740169525,0.149608656338,0.0699084997177,0.0912894345502,0.0597777366638
1.9073486328125e-05,2.1650590896606445,0.0102075338364,0.0288770198822,0.161560969566,0.0643144845963,0.149490577512,0.0541069507599
2.002716064453125e-05,1.4963319301605225,0.0101599693298,0.0317944288254,0.125691782026,0.0593259334564,0.0694394099963,0.0491659641266
1.5974044799804688e-05,2.602638006210327,0.0101264119148,0.0265954732895,0.123406424667,0.0482926368713,0.129045832573,0.0381662249565
2.288818359375E-05,2.0913989543914795,0.0101611614227,0.0271298885345,0.135950356263,0.0619831085205,0.1041736859,0.0518219470978
1.9073486328125e-05,1.5585100650787354,0.0101640224457,0.0258569717407,0.1295237092,0.0501999855042,0.0781038066824,0.0400359630585
1.811981201171875e-05,1.4696462154388428,0.0102235078812,0.0217251777649,0.128783450198,0.0538500547409,0.0762709988391,0.0436265468597
1.5974044799804688e-05,2.2517659664154053,0.0102229118347,0.0240740776062,0.136417264205,0.0544741153717,0.112533916056,0.044251203537
1.7881393432617188e-05,1.5141890048980713,0.0101593136787,0.0225955247879,0.131551735541,0.0647416114807,0.0740706939869,0.054582297802
1.7881393432617188e-05,1.5245611667633057,0.010155081749,0.023055434227,0.110392412719,0.0616408586502,0.056651358363,0.0514857769012
1.9073486328125e-05,1.0996639728546143,0.0101850032806,0.0326964855194,0.0955988659578,0.051756978035,0.0411996568928,0.0415719747543
2.2172927856445312e-05,1.4756810665130615,0.0101668834686,0.0198638439178,0.12077291461,0.046168088913,0.0925446607563,0.0360012054443
1.8835067749023438e-05,1.2807269096374512,0.0101642608643,0.0273760557175,0.109655228528,0.0575510263443,0.0510544040746,0.04738676548
3.600120544433594e-05,1.519592046737671,0.0102028846741,0.0223481655121,0.123827232831,0.0483429431915,0.0917432099825,0.0381400585175
2.5033950805664062e-05,1.508749008178711,0.0101339817047,0.0280020236969,0.128083859957,0.0483028888702,0.0955198127159,0.0381689071655
2.002716064453125e-05,1.5239250659942627,0.0101722478867,0.0320564508438,0.137067578056,0.0628200769424,0.0818880081306,0.0526478290558
2.6941299438476562e-05,2.15928316116333,0.0101616382599,0.0285830497742,0.129715229526,0.049330830574,0.104892922869,0.0391691923141
9.5367431640625e-07,4.926606178283691,0.000403046607971,0.0018949508667,0.458957331336,0.104438126087,1.36238374687,0.104035079479
0,4.768172979354858,0.000387191772461,0.00177252292633,0.456839434512,0.0985800027847,1.21384059878,0.0981928110123
9.5367431640625e-07,4.8802289962768555,0.000384569168091,0.00226283073425,0.563819967358,0.127164959908,1.53804889627,0.126780390739
0,3.5741920471191406,0.000388860702515,0.00219202041626,0.491703129084,0.135679006577,1.06947757029,0.135290145874
9.5367431640625e-07,5.008066892623901,0.000397861003876,0.00210249423981,0.553375164145,0.0803602933884,1.83972982507,0.0799624323845
0,3.859912872314453,0.000382423400879,0.00178217887878,0.493261931283,0.132238149643,1.0994632903,0.131855726242
9.5367431640625e-07,4.817021131515503,0.000407755374908,0.00212001800537,0.553522268095,0.118991971016,1.54539555151,0.118584215641
0,4.454941034317017,0.000433743000031,0.00197148323059,0.531752199198,0.186411201954,1.19292096631,0.185977458954
0,4.495261192321777,0.000395834445953,0.00213992595673,0.473157121678,0.142061650753,0.967470893604,0.141665816307
0,4.224200010299683,0.000424385070801,0.00198316574097,0.450521619773,0.126837611198,1.04341997572,0.126413226128
-4.100799560546875e-05,4.671828031539917,0.000365972518921,0.00201821327209,0.304197068886,0.0370434522629,0.660848389884,0.036677479744
0,4.692869186401367,0.000377058982849,0.00207090377808,0.438299319404,0.110397458076,1.09391400993,0.110020399094
9.5367431640625e-07,4.863331079483032,0.000381529331207,0.00205254554749,0.557227137986,0.144081294537,1.61437787215,0.143699765205
9.5367431640625e-07,3.8561220169067383,0.000414788722992,0.00211358070374,0.496702874962,0.146769881248,1.10215868213,0.146355092525
9.5367431640625e-07,4.058867931365967,0.000390470027924,0.00217497348785,0.52620177418,0.181955516338,1.13709068639,0.18156504631
0,4.5770368576049805,0.000441789627075,0.00220000743866,0.48689344415,0.129720807076,1.19132675693,0.129279017448
-1.9073486328125e-06,5.0076518058776855,0.000390648841858,0.00176095962524,0.489701510473,0.0896934270859,1.60452810672,0.089302778244
9.5367431640625e-07,4.5768210887908936,0.000392735004425,0.00214147567749,0.506434269166,0.126025140285,1.25760065839,0.125632405281
0,4.2803990840911865,0.000407099723816,0.00218510627747,0.523901241254,0.157636404037,1.34634944199,0.157229304314
9.5367431640625e-07,4.091063022613525,0.000426888465881,0.00219357013702,0.539349719718,0.210842430592,1.23719429624,0.210415542126
0.00010895729064941406,16.008426904678345,0.00350445508957,0.190590977669,1.28333118227,1.00130313635,9.80931656018,0.997798681259
0.00013685226440429688,16.009623050689697,0.00465512275696,0.111888170242,0.990992755425,0.869311094284,7.22996974785,0.864655971527
5.507469177246094e-05,16.00938391685486,0.00396603345871,0.118438005447,1.04819049835,0.892195761204,7.22000988861,0.888229727745
0.00012993812561035156,16.01022696495056,0.00553500652313,0.179624795914,1.06224596267,0.974930047989,7.24660024122,0.969395041466
0.00010704994201660156,16.01043701171875,0.00541114807129,0.21909403801,1.02415904766,0.822561979294,6.72685886717,0.817150831223
0.00010704994201660156,16.009021043777466,0.00482797622681,0.178641080856,1.04780170497,0.914219379425,6.71692501388,0.909391403198
8.797645568847656e-05,16.00722312927246,0.00661885738373,0.119980454445,0.930512384935,0.931685507298,5.99487098064,0.925066649914
4.38690185546875e-05,32.01032280921936,0.00393199920654,0.243691921234,1.80421548355,0.772342920303,29.8694373789,0.768410921097
1.6927719116210938e-05,21.585662841796875,0.00180578231812,0.0395079851151,0.332984611705,0.10994464159,2.65944088622,0.108138859272
1.6927719116210938e-05,23.014359951019287,0.00153923034668,0.0485179424286,0.337602266305,0.0997466444969,2.50997406629,0.0982074141502
2.002716064453125e-05,12.107346057891846,0.00138026475906,0.0399565696716,0.343551581409,0.099991440773,1.44183186881,0.0986111760139
2.384185791015625e-05,19.02597689628601,0.00111556053162,0.0335760116577,0.343608808051,0.0999540090561,2.25337810411,0.0988384485245
2.002716064453125e-05,26.591384172439575,0.00177347660065,0.0400211811066,0.412242237284,0.0925633907318,3.91068494727,0.0907899141312
2.7894973754882812e-05,12.729104042053223,0.00150179862976,0.0395059585571,0.334712310194,0.10987496376,1.5294170769,0.108373165131
1.9073486328125e-06,14.610891103744507,2.44379043579E-05,0.000972986221313,0.22825438102,0.0358469486237,1.21739357481,0.0358225107193
1.9073486328125e-06,18.60689902305603,2.50339508057E-05,0.00142288208008,0.235744073827,0.0597280263901,1.4604299676,0.0597029924393
1.9073486328125e-06,18.80550789833069,2.40802764893E-05,0.00102245807648,0.160937985797,0.0468512177467,0.89166484444,0.0468271374702
3.814697265625E-06,17.01799988746643,2.40802764893E-05,0.00154805183411,0.188953442804,0.0498690605164,1.02642695745,0.0498449802399
2.7894973754882812e-05,13.139539957046509,0.000991880893707,0.0356225967407,0.375134740052,0.0908887386322,1.62611108629,0.0898968577385
1.9073486328125e-05,19.34263515472412,0.00162196159363,0.0382089614868,0.383498399331,0.110002994537,2.59489725986,0.108381032944
1.8835067749023438e-05,16.577168941497803,0.00147998332977,0.0492498874664,0.558828598433,0.115667939186,3.58430433772,0.114187955856
1.5020370483398438e-05,14.260884046554565,0.00166392326355,0.0369160175323,0.325738762136,0.109829187393,1.53413581705,0.10816526413
1.4066696166992188e-05,21.994817972183228,0.00234198570251,0.0405139923096,0.400094541203,0.10995900631,2.91183057751,0.107617020607
2.5987625122070312e-05,18.03700017929077,0.00170040130615,0.0482339859009,0.533319270257,0.102200031281,3.58986450954,0.100499629974
2.288818359375E-05,22.032790899276733,0.00199240446091,0.0401369333267,0.359341880279,0.112254559994,2.45025603351,0.110262155533
1.4066696166992188e-05,13.081340074539185,0.00189614295959,0.039323091507,0.303229162409,0.119668960571,1.49298950677,0.117772817612
1.5974044799804688e-05,12.72799301147461,0.00197911262512,0.0500900745392,0.324052147917,0.109422922134,1.24436788188,0.107443809509
2.86102294921875e-06,14.327876091003418,2.50339508057E-05,0.00148105621338,0.189565632546,0.0401439666748,0.84745817627,0.040118932724
5.0067901611328125e-06,3.0665180683135986,0.000590443611145,0.00658547878265,0.16068166156,0.0787025094032,0.198303789366,0.0781120657921
5.9604644775390625e-06,39.95784616470337,0.000915467739105,0.0087069272995,0.271528761034,0.0927829742432,3.50274279363,0.0918675065041
1.9073486328125e-06,42.044978857040405,0.000397562980652,0.00498986244202,0.19011628507,0.0596535205841,3.28236976264,0.0592559576035
2.1457672119140625e-06,16.838266849517822,0.000584125518799,0.00687313079834,0.145809929591,0.0520558357239,0.700587723425,0.0514717102051
5.0067901611328125e-06,18.791239976882935,0.000449895858765,0.00446403026581,0.135622265556,0.0320637226105,0.848759088993,0.0316138267517
5.9604644775390625e-06,27.075268983840942,0.000605285167694,0.00637006759644,0.17254530059,0.0533080101013,1.79266483388,0.0527027249336
5.9604644775390625e-06,45.33608388900757,0.00113564729691,0.0158871412277,0.267278091064,0.200692236423,2.31056402443,0.199556589127
5.9604644775390625e-06,29.55497980117798,0.000613629817963,0.00486242771149,0.176116637296,0.0412652492523,2.14070369785,0.0406516194344
3.0994415283203125e-06,10.207075119018555,0.000577509403229,0.00710046291351,0.140264007832,0.0470585823059,0.338756049877,0.0464810729027
1.9073486328125e-06,4.864358901977539,0.000623941421509,0.00817608833313,0.189250000149,0.0719847679138,0.271158861004,0.0713608264923
4.76837158203125e-06,22.86480402946472,0.000752925872803,0.00656080245972,0.157266318426,0.0534679889679,1.18941062575,0.0527150630951
5.9604644775390625e-06,18.04309391975403,0.000647485256195,0.00862455368042,0.132870674133,0.0586885213852,0.710606943663,0.058041036129
7.152557373046875e-06,25.903481006622314,0.000634968280792,0.00533211231232,0.172461272927,0.0445516109467,1.7035074413,0.0439166426659
5.9604644775390625e-06,13.928581953048706,0.000638663768768,0.00886845588684,0.150673449291,0.0451255440712,0.64847920768,0.0444868803024
5.0067901611328125e-06,38.08671593666077,0.000383377075195,0.00474143028259,0.302889072581,0.0725122094154,3.88835726492,0.0721288323402
5.0067901611328125e-06,20.61463499069214,0.000563025474548,0.00533604621887,0.236333838867,0.0542013645172,1.66819103047,0.0536383390427
5.0067901611328125e-06,19.173003911972046,0.000727951526642,0.00418508052826,0.179687824149,0.0492023229599,0.794584077699,0.0484743714333
1.9073486328125e-06,18.046265840530396,0.000684976577759,0.00853395462036,0.144489003901,0.0613238811493,0.784262290151,0.0606389045715
5.9604644775390625e-06,24.615427017211914,0.000470340251923,0.00699996948242,0.201004203853,0.0539286136627,1.6791290645,0.0534582734108
5.0067901611328125e-06,16.170966863632202,0.000932574272156,0.00810599327087,0.16137038235,0.0642886757851,0.768879985353,0.0633561015129
6.9141387939453125e-06,7.213446140289307,0.00153297185898,0.022421002388,0.564654183388,0.0518339276314,2.68659786719,0.0503009557724
1.0013580322265625e-05,7.226521015167236,0.00183421373367,0.0227189064026,0.571625332038,0.111498713493,2.38098772298,0.10966449976
5.9604644775390625e-06,7.220858812332153,0.00128072500229,0.0229315757751,0.605978586844,0.0489454865456,2.72785430313,0.0476647615433
5.0067901611328125e-06,7.210096836090088,0.00179100036621,0.0223548412323,0.578865457754,0.0671031475067,2.74632670449,0.0653121471405
8.106231689453125e-06,5.1840431690216064,0.00260901451111,0.0225150585175,0.525696623153,0.200716018677,1.26359808018,0.198107004166
9.059906005859375e-06,7.227662086486816,0.00199007987976,0.0227248668671,0.618357853456,0.0829200744629,2.72370586625,0.0809299945831
6.9141387939453125e-06,5.9284889698028564,0.00191730260849,0.0224865674973,0.547077957127,0.143449664116,1.51664304028,0.141532361507
6.198883056640625e-06,5.008033990859985,0.00279211997986,0.0227255821228,0.546261269706,0.169945538044,1.39764324295,0.167153418064
9.059906005859375e-06,7.252168893814087,0.00128948688507,0.0223945379257,0.57741758426,0.0918129086494,2.68686740982,0.0905234217644
1.0013580322265625e-05,7.175843954086304,0.00141203403473,0.0228219032288,0.618958637931,0.0845824480057,2.51063921564,0.0831704139709
5.9604644775390625e-06,11.825532913208008,0.00120854377747,0.0229558944702,0.661916490035,0.0942205190659,4.16904900331,0.0930119752884
5.0067901611328125e-06,7.2499659061431885,0.00161689519882,0.0151805877686,0.604340480907,0.062816619873,2.68483919579,0.0611997246742
7.152557373046875e-06,6.0125510692596436,0.00175130367279,0.0228855609894,0.510150309871,0.110080838203,1.48135215202,0.108329534531
5.9604644775390625e-06,7.242163181304932,0.00154554843903,0.0228300094604,0.637708618527,0.0935024023056,2.92646644921,0.0919568538666
2.002716064453125e-05,7.219007968902588,0.00178945064545,0.0226612091064,0.59987042718,0.0634498596191,2.86323803287,0.0616604089737
7.152557373046875e-06,7.2359490394592285,0.00222086906433,0.0230031013489,0.616109636963,0.12082195282,2.67255511528,0.118601083755
5.0067901611328125e-06,7.24950098991394,0.00140249729156,0.0224440097809,0.592557713137,0.0652915239334,2.76670001017,0.0638890266418
6.198883056640625e-06,7.226167917251587,0.00183576345444,0.0226279497147,0.615363383293,0.0718397498131,2.7251190543,0.0700039863586
5.9604644775390625e-06,11.830185890197754,0.00155854225159,0.022716999054,0.745615173789,0.0833460092545,4.61724017828,0.0817874670029
5.0067901611328125e-06,7.234119892120361,0.0015264749527,0.0230391025543,0.597259933666,0.0655814409256,2.82637772591,0.0640549659729
4.100799560546875e-05,68.28861594200134,0.00453722476959,0.0207464694977,5.88111732403,0.400066554546,354.187927566,0.395529329777
2.288818359375E-05,39.325319051742554,0.0443955659866,0.22807598114,2.2013307447,0.948861598969,63.0436918195,0.904466032982
2.09808349609375e-05,43.37969493865967,0.0239288806915,0.820832967758,2.21821208258,1.00847887993,50.7147602446,0.984549999237
2.09808349609375e-05,36.24013614654541,0.0205752253532,0.282546520233,2.06872749329,1.0686199069,51.2413946693,1.04804468155
1.9073486328125e-05,2.0000100135803223,0.0411665439606,0.226012945175,0.495332203413,0.821966052055,0.351942305651,0.780799508095
2.002716064453125e-05,2.003056049346924,0.0486587882042,0.24202644825,0.559311699867,0.908788740635,0.430736084796,0.860129952431
2.4080276489257812e-05,1.999974012374878,0.00619721412659,0.108791947365,0.392327874899,0.662843286991,0.308627460961,0.656646072865
2.5987625122070312e-05,72.79166197776794,0.0191404819489,0.14781498909,3.57597856936,0.714073061943,218.068879195,0.694932579994
2.2172927856445312e-05,2.000023126602173,0.0858020782471,0.22802400589,0.545835529055,0.918104171753,0.416243716916,0.832302093506
0.0001480579376220703,6.211968898773193,0.00540691614151,0.0387724637985,0.725578093529,0.26170450449,3.36922758156,0.256297588348
0.00013494491577148438,28.45670509338379,0.00556993484497,0.0109798908234,3.2400405407,0.493274569511,66.5354934635,0.487704634666
0.00015592575073242188,6.228594064712524,0.00468754768372,0.0247305631638,0.71465420723,0.23907750845,3.40338020631,0.234389960766
0.00011301040649414062,16.673145055770874,0.00453329086304,0.0487815141678,1.77160720825,0.256895780563,24.6974910468,0.2523624897
0.0003108978271484375,10.444557189941406,0.00488114356995,0.035407781601,1.60631028089,0.299925088882,11.2131373449,0.295043945312
0.00017595291137695312,6.685408115386963,0.00469917058945,0.00650000572205,0.727919316292,0.0431341528893,3.96503909437,0.0384349822998
0.00013518333435058594,10.444800853729248,0.00445890426636,0.0081148147583,1.6044588956,0.284996986389,11.3082901471,0.280538082123
0.00013399124145507812,10.444856882095337,0.00451803207397,0.00810694694519,1.61382636157,0.286015987396,11.4018141148,0.281497955322
0.0003559589385986328,5.874191999435425,0.00484800338745,0.0435454845428,0.729079699516,0.447860300541,2.9792942283,0.443012297153
0.00011587142944335938,6.190156936645508,0.0046678185463,0.0156724452972,0.710891199112,0.242558479309,3.36119896975,0.237890660763
0.0002009868621826172,5.116075038909912,0.00301599502563,0.00464010238647,0.556515620305,0.451792001724,1.82842459525,0.448776006699
0.00032019615173339844,6.46819281578064,0.00476896762848,0.00689899921417,0.715822482109,0.0888104438782,3.69788275887,0.0840414762497
0.0002129077911376953,6.0888261795043945,0.00536102056503,0.0457099676132,0.728112316132,0.387578547001,3.22731292532,0.382217526436
0.00012493133544921875,6.254603862762451,0.00447160005569,0.00659656524658,0.734910202026,0.389059722424,3.42210495151,0.384588122368
0.0001480579376220703,49.51740097999573,0.00515341758728,0.0662229061127,5.15496626767,0.362460017204,199.881755351,0.357306599617
0.00015783309936523438,6.452852010726929,0.00464671850204,0.0180455446243,0.717008590698,0.0915195345879,3.67639157518,0.0868728160858
0.00026798248291015625,6.496422052383423,0.00516021251678,0.0101115703583,0.73887360096,0.238577365875,3.7088977626,0.233417153358
0.0001659393310546875,6.212510824203491,0.00455224514008,0.00636649131775,0.733013296127,0.393204629421,3.37231319295,0.388652384281
0.0001499652862548828,6.232379913330078,0.00474005937576,0.0214840173721,0.714941477776,0.24039208889,3.40770184961,0.235652029514
0.00015401840209960938,6.550707817077637,0.00449228286743,0.00661110877991,0.724595999718,0.0932926535606,3.79289153796,0.0888003706932
5.9604644775390625e-06,7.177527904510498,0.0017911195755,0.0230350494385,0.53033434777,0.109221458435,2.26597653517,0.10743033886
5.9604644775390625e-06,3.099174976348877,0.000916302204132,0.00552105903625,0.252783520655,0.0367039442062,0.443897982161,0.0357876420021
1.0967254638671875e-05,6.012475967407227,0.000998973846436,0.0100719928741,0.645148317769,0.165044784546,2.26995739492,0.164045810699
1.0967254638671875e-05,11.397840023040771,0.00142383575439,0.0235698223114,0.744244696437,0.125906944275,3.75004502224,0.124483108521
1.71661376953125e-05,4.555711030960083,0.00116056203842,0.0127325057983,0.275113187053,0.0450558066368,0.6710520646,0.0438952445984
5.0067901611328125e-06,29.053492069244385,0.00276052951813,0.022775053978,0.707866281271,0.11702054739,9.52029282435,0.114260017872
6.9141387939453125e-06,7.21052098274231,0.00187557935715,0.0227159261703,0.573793649673,0.0678299069405,2.79196434214,0.0659543275833
5.9604644775390625e-06,7.214364051818848,0.00157207250595,0.0231924057007,0.559744898478,0.0794708132744,2.63917860414,0.0778987407684
6.198883056640625e-06,7.198513031005859,0.00169694423676,0.0224349498749,0.577910471771,0.0836324691772,2.66210524789,0.0819355249405
5.9604644775390625e-06,7.211611986160278,0.00170648097992,0.0218319892883,0.624395338155,0.0646688938141,3.08984736719,0.0629624128342
5.9604644775390625e-06,7.167256116867065,0.00229144096375,0.0228750705719,0.572867138911,0.0648065805435,2.69917479726,0.0625151395798
5.9604644775390625e-06,7.180922031402588,0.00140553712845,0.0211915969849,0.599441349506,0.0965704321861,2.87379938534,0.0951648950577
6.9141387939453125e-06,11.895463943481445,0.00222223997116,0.0245064496994,0.781480265988,0.393187522888,3.95103535489,0.390965282917
5.9604644775390625e-06,6.012516021728516,0.00129699707031,0.0141179561615,0.665143152453,0.150089025497,2.34847184312,0.148792028427
9.059906005859375e-06,10.585710048675537,0.00207209587097,0.0227558612823,0.72086022978,0.173269987106,3.71888394828,0.171197891235
5.9604644775390625e-06,10.310762882232666,0.00194096565247,0.0234920978546,0.60842741237,0.332502841949,2.18967842855,0.330561876297
5.9604644775390625e-06,9.989582061767578,0.0026341676712,0.0231068134308,0.582037619541,0.0976284742355,2.94679497147,0.0949943065643
6.9141387939453125e-06,7.153741121292114,0.00313210487366,0.0230159759521,0.831278406543,0.133239984512,3.69216639869,0.130107879639
5.9604644775390625e-06,7.206226110458374,0.00188153982162,0.0226509571075,0.551623066266,0.0609852075577,2.59904836825,0.0591036677361
5.9604644775390625e-06,17.313452005386353,0.00155997276306,0.023530960083,0.627717229142,0.107713580132,5.21200240838,0.106153607368
1.1920928955078125e-05,0.9333310127258301,0.00097393989563,0.00367498397827,0.0665778302132,0.0162024497986,0.0380077182791,0.015228509903
2.193450927734375e-05,0.9262092113494873,0.000939965248108,0.00299715995789,0.0622778091025,0.0118880271912,0.0367578806559,0.0109480619431
1.5974044799804688e-05,0.9978690147399902,0.000996470451355,0.0029890537262,0.0665798897439,0.0193794965744,0.0417683213658,0.018383026123
1.0967254638671875e-05,0.9289219379425049,0.000848054885864,0.00329554080963,0.0605402040482,0.0120077133179,0.0344914916204,0.011159658432
2.002716064453125e-05,0.9331209659576416,0.000956416130066,0.00330400466919,0.0601463419326,0.0150336027145,0.0357593552394,0.0140771865845
3.0040740966796875e-05,0.9300868511199951,0.000918388366699,0.00314903259277,0.0644058268121,0.0119279623032,0.0372033796588,0.0110095739365
2.002716064453125e-05,0.9118349552154541,0.00114393234253,0.00297117233276,0.06246234001,0.0158843994141,0.0353531234096,0.0147404670715
1.3828277587890625e-05,0.9095621109008789,0.0010050535202,0.00280618667603,0.0645699348856,0.0158280134201,0.0357594003082,0.0148229598999
2.193450927734375e-05,0.9427299499511719,0.000981569290161,0.00316286087036,0.0773316393507,0.0149329900742,0.0415038753749,0.013951420784
2.193450927734375e-05,4.146888017654419,0.00101381540298,0.00299155712128,0.147679164296,0.0160177946091,0.415115335568,0.0150039792061
2.09808349609375e-05,0.9913530349731445,0.00105392932892,0.00300598144531,0.0644040006272,0.0151265859604,0.0386132185716,0.0140726566315
2.5987625122070312e-05,0.9197549819946289,0.000938892364502,0.00300693511963,0.0644498277218,0.0160324573517,0.0367817546174,0.0150935649872
2.288818359375E-05,0.9187910556793213,0.000950455665588,0.00294995307922,0.0644033208806,0.0140895843506,0.0367886835015,0.013139128685
2.4080276489257812e-05,1.0012562274932861,0.000929594039917,0.00297284126282,0.0601467680424,0.0131413936615,0.0402409006314,0.0122117996216
2.193450927734375e-05,2.9009149074554443,0.000981092453003,0.00346708297729,0.121245223649,0.0160000324249,0.196013224554,0.0150189399719
2.3126602172851562e-05,2.2531158924102783,0.000988185405731,0.00348794460297,0.108938833078,0.0126217603683,0.1353796525,0.0116335749626
2.2172927856445312e-05,1.0022180080413818,0.00110566616058,0.00325489044189,0.0644458050423,0.0163969993591,0.0398928378521,0.0152913331985
2.09808349609375e-05,8.532803058624268,0.000957489013672,0.00283908843994,0.240989481409,0.0169859528542,1.50087660804,0.0160284638405
2.193450927734375e-05,0.9237761497497559,0.001021027565,0.00317597389221,0.0625746402335,0.0158109664917,0.0361571025256,0.0147899389267
2.6941299438476562e-05,1.0018720626831055,0.00086498260498,0.00319790840149,0.0665329111383,0.0132694244385,0.0401386003526,0.0124044418335
0.00015592575073242188,6.204050064086914,0.00478833913803,0.0410310029984,0.704472899437,0.132686018944,3.3815398815,0.127897679806
0.0001468658447265625,6.264899015426636,0.00467777252197,0.0466710329056,0.711866593361,0.128459990025,3.44704638334,0.123782217503
0.0001270771026611328,6.425180912017822,0.00463992357254,0.00829243659973,0.716833996773,0.131676018238,3.64247971187,0.127036094666
0.000125885009765625,6.30546498298645,0.00446748733521,0.00819766521454,0.709999489784,0.160447061062,3.50108173409,0.155979573727
0.00013494491577148438,6.472986221313477,0.00447762012482,0.00658345222473,0.721815919876,0.131620824337,3.69698884353,0.127143204212
0.0001480579376220703,6.108217000961304,0.00634610652924,0.0295884609222,0.714910912514,0.265096485615,3.25702899267,0.258750379086
0.00011897087097167969,34.15153098106384,0.00652301311493,0.147459983826,4.33185900052,3.05497407913,81.9231902511,3.04845106602
0.00018095970153808594,40.96906399726868,0.00629663467407,0.172316431999,3.94019135407,1.0023458004,109.083011226,0.996049165726
0.00022101402282714844,10.444858074188232,0.00390768051147,0.0378940105438,1.26041950498,0.451367676258,8.20647864098,0.447459995747
0.00014901161193847656,78.99369788169861,0.00738215446472,0.147706985474,6.77289031102,0.999481201172,437.089915039,0.992099046707
0.0003190040588378906,6.182881832122803,0.00475025177002,0.0320014953613,0.722526979446,0.265076875687,3.33788049404,0.260326623917
0.0001380443572998047,10.64988112449646,0.0050448179245,0.109741926193,2.3504439195,1.89300858974,16.117583236,1.88796377182
0.0001571178436279297,6.229472875595093,0.00488430261612,0.0354819297791,0.707278704643,0.14120477438,3.40953455584,0.136320471764
0.00014591217041015625,12.282683849334717,0.00465202331543,0.0118279457092,1.76424371112,0.322727560997,14.3247532777,0.318075537682
0.00012087821960449219,10.444197177886963,0.00479853153229,0.0616228580475,1.60524446314,0.400913953781,10.8336808733,0.396115422249
0.000102996826171875,3.082494020462036,0.0249665975571,0.110551953316,0.593689501286,0.676826000214,0.853979279901,0.651859402657
0.00013494491577148438,6.343190908432007,0.0044247508049,0.00656247138977,0.708835697174,0.127995431423,3.54909877396,0.123570680618
0.000164031982421875,6.238142013549805,0.00533944368362,0.0372655391693,0.717892098427,0.186014890671,3.40789567215,0.180675446987
0.00014901161193847656,6.150541067123413,0.00483292341232,0.0377990007401,0.709248518944,0.186249613762,3.31177588363,0.18141669035
0.00014495849609375,6.544579982757568,0.00452655553818,0.0072660446167,0.728946709633,0.132358908653,3.77986070153,0.127832353115
0.00024819374084472656,10.049744129180908,0.0184991955757,0.0392423868179,0.433729963483,0.10315823555,1.97125028644,0.0846590399742
0.00025010108947753906,45.26296806335449,0.0185495615005,0.039689540863,0.917455488985,0.10408437252,24.2978333551,0.0855348110199
0.0002148151397705078,18.92125105857849,0.018562912941,0.0449130535126,1.81299546653,0.406698465347,14.567890488,0.388135552406
0.0002338886260986328,10.138582944869995,0.0179576277733,0.0367469787598,0.422991037369,0.0657029151917,2.43452984529,0.0477452874184
0.0001590251922607422,10.046015977859497,0.0184116363525,0.0424460172653,1.07577829501,0.128743350506,6.7332832737,0.110331714153
0.0001380443572998047,10.036668062210083,0.0178135633469,0.0350190401077,0.481530378262,0.0624270439148,3.98168724108,0.0446134805679
0.00023603439331054688,5.032365083694458,0.0160710215569,0.035066485405,0.444899421472,0.0639700889587,1.75526447669,0.0478990674019
0.00019407272338867188,20.292300939559937,0.018326997757,0.0436379909515,1.12064139048,0.122331142426,13.4626176193,0.104004144669
0.0002110004425048828,23.052618980407715,0.0152859687805,0.0413680076599,0.666853737045,0.0924444198608,7.66111744382,0.0771584510803
0.000186920166015625,31.099574089050293,0.0165610313416,0.041079044342,0.789203159271,0.100914001465,12.6868951435,0.0843529701233
0.00023698806762695312,5.049865007400513,0.0184932947159,0.0428839921951,0.449289422769,0.0868173241615,1.75781881312,0.0683240294456
0.0006189346313476562,10.052896976470947,0.0177474617958,0.0420191287994,0.485221207142,0.0659670829773,3.99227799879,0.0482196211815
0.000247955322265625,10.043843984603882,0.018359541893,0.0453250408173,0.761395542962,0.118421077728,4.41796833412,0.100061535835
0.0002689361572265625,10.124841928482056,0.0183812975883,0.0390865802765,0.772586234411,0.0925232172012,4.58035257835,0.0741419196129
0.0002281665802001953,6.545083045959473,0.0185470581055,0.0445129871368,0.85552218798,0.12464594841,3.51547816156,0.106098890305
0.0001800060272216797,18.766582012176514,0.016519010067,0.0413113832474,0.820696488671,0.0980759263039,9.20117652945,0.0815569162369
0.00024390220642089844,10.126811027526855,0.0184969902039,0.0408110618591,0.487889916626,0.0916531085968,2.55996113724,0.0731561183929
0.0002548694610595703,10.032795906066895,0.0170257687569,0.0400755405426,0.956707610024,0.0917593836784,6.86521310766,0.0747336149216
0.0005521774291992188,10.042815923690796,0.0184462666512,0.0390294790268,0.699439534774,0.0705629587173,5.06729376381,0.0521166920662
0.0002391338348388672,10.049856185913086,0.0184153914452,0.0429425239563,0.77985653707,0.106755495071,5.00304065626,0.0883401036263
-1.9073486328125e-06,9.965870141983032,0.005091547966,0.0490329265594,0.873463392258,0.0952184200287,4.93611287637,0.0901268720627
-6.413459777832031e-05,9.961791038513184,0.00509035587311,0.0474779605865,0.752142195608,0.127232551575,4.53672165999,0.122142195702
-2.193450927734375e-05,10.306610107421875,0.0050208568573,0.0449659824371,1.16156520278,0.0949748754501,8.03326163545,0.0899540185928
3.814697265625E-06,9.972906112670898,0.00627243518829,0.0508279800415,0.848417581211,0.0770779848099,5.69976205821,0.0708055496216
2.002716064453125e-05,29.79743790626526,0.00512099266052,0.0499541759491,1.1723204557,0.0994441509247,16.4356849903,0.0943231582642
-1.9073486328125e-06,9.966449975967407,0.00512957572937,0.0494751930237,0.779685394437,0.0898821353912,4.51766217137,0.0847525596619
-1.0013580322265625e-05,10.023131847381592,0.00564610958099,0.0299870967865,1.14760303965,0.105382442474,7.15477439348,0.0997363328934
3.910064697265625e-05,9.995130062103271,0.00508046150208,0.0477960109711,0.96544867855,0.0805115699768,6.11845365504,0.0754311084747
2.2172927856445312e-05,9.948493003845215,0.00362455844879,0.0421590805054,0.580283662852,0.066094815731,2.96529572354,0.0624702572823
0.00022792816162109375,9.431509017944336,0.00497198104858,0.0599389076233,0.822501620308,0.737607002258,3.7142997765,0.73263502121
2.002716064453125e-05,10.508486032485962,0.00508642196655,0.0511541366577,1.0213397115,0.0913718938828,7.06642265066,0.0862854719162
3.0994415283203125e-05,9.976573944091797,0.00505197048187,0.0528211593628,0.863862117132,0.0972014665604,5.42138420806,0.0921494960785
3.600120544433594e-05,23.02789807319641,0.00504100322723,0.05060505867,1.32121552988,0.0858994722366,14.4898149178,0.0808584690094
-1.0967254638671875e-05,9.978275060653687,0.00566256046295,0.0498819351196,0.965912019505,0.100143909454,6.20310838936,0.0944813489914
3.0994415283203125e-06,8.291851997375488,0.00367999076843,0.0279619693756,0.736159192982,0.215957999229,3.3118777868,0.212278008461
1.2874603271484375e-05,10.242717027664185,0.0028800368309,0.054164648056,0.926921907224,0.269557714462,5.31962767203,0.266677677631
0.00013208389282226562,16.13223695755005,0.00565648078918,0.0503361225128,1.2501449398,0.103232502937,10.147146732,0.0975760221481
2.3126602172851562e-05,12.161163091659546,0.00504100322723,0.028774023056,1.22617607958,0.0840954780579,8.94560599305,0.0790544748306
3.4809112548828125e-05,10.0154550075531,0.00511056184769,0.0124599933624,0.87544417807,0.0929256081581,5.72840012833,0.0878150463104
-4.0531158447265625e-06,11.627703189849854,0.00571250915527,0.0516128540039,1.2392921101,0.0904239416122,9.23374602066,0.084711432457
1.4066696166992188e-05,13.862154960632324,0.00771307945251,0.0118441581726,0.325864055745,0.500468015671,0.874642880373,0.492754936218
1.9073486328125e-05,13.861668109893799,0.00722539424896,0.0110559463501,0.299615243346,0.3932980299,0.809717297845,0.386072635651
1.6927719116210938e-05,14.278517961502075,0.00789105892181,0.0108768939972,0.336400572546,0.571634531021,0.92484732789,0.563743472099
2.002716064453125e-05,10.375663995742798,0.00801134109497,0.027027964592,0.362691829944,0.590205788612,0.693501788757,0.582194447517
1.9073486328125e-05,29.319420099258423,0.0290964841843,0.0307855606079,0.435303756746,0.569174051285,2.98044923566,0.540077567101
1.9788742065429688e-05,8.715840101242065,0.00797891616821,0.0164949893951,0.336655079829,0.589933156967,0.571806426135,0.581954240799
1.0967254638671875e-05,13.83463191986084,0.028438270092,0.0307730436325,0.346248118432,0.56739282608,0.899987114453,0.538954555988
1.9073486328125e-05,13.796489000320435,0.0291941165924,0.0308139324188,0.356342733732,0.568173885345,0.947852011484,0.538979768753
1.6927719116210938e-05,13.859375,0.00769704580307,0.00980162620544,0.319976408655,0.500027239323,0.859497790791,0.49233019352
1.8835067749023438e-05,10.47298812866211,0.00784206390381,0.00969505310059,0.350068791597,0.590327203274,0.670864148276,0.58248513937
1.6927719116210938e-05,13.839974880218506,0.0290724635124,0.0308771133423,0.358110684088,0.566942811012,0.940426462338,0.5378703475
1.9073486328125e-05,14.763022899627686,0.0290465354919,0.0309760570526,0.366026710396,0.568060040474,1.04384448496,0.539013504982
1.8835067749023438e-05,13.821742057800293,0.0290955305099,0.0307459831238,0.341976560258,0.568189024925,0.904989936953,0.539093494415
1.6927719116210938e-05,14.24189805984497,0.0295984745026,0.0313444137573,0.342115249971,0.50183647871,0.918575568185,0.472238004208
1.9073486328125e-05,1.9926190376281738,0.00787806510925,0.00997281074524,0.321721796346,0.590242147446,0.286428567496,0.582364082336
1.9073486328125e-05,14.118354082107544,0.0077223777771,0.0152230262756,0.330602131764,0.524815440178,0.90314817246,0.517093062401
1.7881393432617188e-05,13.86686396598816,0.00798588991165,0.0100359916687,0.328208708508,0.511276960373,0.869376581024,0.503291070461
1.811981201171875e-05,14.518537044525146,0.0290389060974,0.0311989784241,0.348525658375,0.49909901619,0.966590982971,0.470060110092
1.811981201171875e-05,14.759203910827637,0.029283285141,0.0310159921646,0.384781224387,0.56315600872,1.18295870032,0.533872723579
2.002716064453125e-05,25.196501970291138,0.0290795564651,0.0309340953827,0.387387625623,0.453088521957,2.42375208359,0.424008965492
1.9073486328125e-06,18.323023080825806,0.000113308429718,0.00107741355896,0.142737825437,0.0110039114952,0.934147836416,0.0108906030655
0,18.380507946014404,0.00018185377121,0.00135397911072,0.175389405969,0.0362913608551,1.17474068206,0.0361095070839
5.0067901611328125e-06,17.743983030319214,0.000216960906982,0.0011750459671,0.227102336593,0.0353553891182,1.51788898615,0.0351384282112
1.9073486328125e-06,16.733210802078247,0.000158071517944,0.00117897987366,0.145027232905,0.00985032320023,0.983315542477,0.00969225168228
2.86102294921875e-06,11.239725112915039,0.000236511230469,0.00188422203064,0.143560432944,0.023943066597,0.681593801931,0.0237065553665
0,17.037556886672974,0.000210523605347,0.00159096717834,0.207204014305,0.036544919014,1.35956489767,0.0363343954086
5.9604644775390625e-06,13.64911699295044,0.000240564346313,0.00219786167145,0.163762754574,0.0400846004486,0.876554337277,0.0398440361023
4.0531158447265625e-06,13.020281076431274,0.000161349773407,0.00130808353424,0.147035706912,0.0283281207085,0.582997502836,0.0281667709351
3.814697265625E-06,17.238673210144043,0.000141441822052,0.00120604038239,0.170227330699,0.0177153348923,1.03500036536,0.0175738930702
4.0531158447265625e-06,11.773185968399048,0.000174522399902,0.00104796886444,0.144281104759,0.0141382217407,0.639118665789,0.0139636993408
9.5367431640625e-07,13.316393852233887,0.000182867050171,0.0013655424118,0.158932704845,0.0241874456406,0.748120990069,0.0240045785904
5.9604644775390625e-06,8.520745992660522,0.000182390213013,0.00173807144165,0.134972831964,0.0412387251854,0.391320795368,0.0410563349724
4.0531158447265625e-06,12.57978892326355,0.000149250030518,0.00120997428894,0.148669564843,0.0292264819145,0.596629177061,0.029077231884
3.0994415283203125e-06,12.280288934707642,0.000171422958374,0.00126194953918,0.144507699938,0.0342434644699,0.55143813625,0.0340720415115
5.0067901611328125e-06,13.032275199890137,0.000233888626099,0.001953125,0.158336899388,0.0244498252869,0.714806979283,0.0242159366608
5.0067901611328125e-06,12.46829605102539,0.000222742557526,0.00121140480042,0.175414298451,0.0355536341667,0.764484211557,0.0353308916092
5.0067901611328125e-06,12.792454957962036,0.000221967697144,0.00165796279907,0.19001273321,0.0412499904633,0.80919819298,0.0410280227661
2.1457672119140625e-06,41.000115156173706,0.000183045864105,0.00145208835602,0.258756136572,0.0363277792931,3.49738185116,0.036144733429
5.9604644775390625e-06,12.264214038848877,0.000179767608643,0.00137758255005,0.146132994782,0.0367317795753,0.580056865518,0.0365520119667
5.9604644775390625e-06,8.520745992660522,0.000182151794434,0.00173401832581,0.135176919075,0.0413579940796,0.391929286146,0.0411758422852
5.9604644775390625e-06,18.684309005737305,0.000218987464905,0.00142788887024,0.172919102413,0.029464006424,1.233502948,0.029245018959
5.9604644775390625e-06,12.504262924194336,0.000261068344116,0.00168085098267,0.202158472389,0.0328938961029,0.945409516747,0.0326328277588
0,8.972897052764893,0.000216960906982,0.00132513046265,0.196237766055,0.0284910202026,0.820711336007,0.0282740592957
5.9604644775390625e-06,11.943413019180298,0.000240087509155,0.0015355348587,0.117283707239,0.018778026104,0.524159720796,0.0185379385948
3.0994415283203125e-06,12.632428884506226,0.000146508216858,0.00114297866821,0.124463233081,0.0117415189743,0.532081493832,0.0115950107574
5.9604644775390625e-06,16.916919946670532,0.000243186950684,0.00139439105988,0.123555363961,0.0198367834091,0.736968963609,0.0195935964584
1.9073486328125e-06,12.568274974822998,0.000219106674194,0.00126385688782,0.155646825409,0.0256021022797,0.647344530019,0.0253829956055
-9.5367431640625e-07,12.440244913101196,0.000135540962219,0.000998020172119,0.137579867086,0.0172455310822,0.557349103294,0.0171099901199
1.9073486328125e-06,9.835175037384033,0.000177502632141,0.00134491920471,0.121926569974,0.014034986496,0.507174241508,0.0138574838638
0,10.423513889312744,0.000280618667603,0.00128984451294,0.116162148877,0.0211055278778,0.47256784654,0.0208249092102
5.0067901611328125e-06,16.935528993606567,0.00021505355835,0.00194406509399,0.115634953071,0.019119977951,0.64397381936,0.0189049243927
5.0067901611328125e-06,27.236281156539917,0.000227928161621,0.00184607505798,0.131981393916,0.0264899730682,1.4797456735,0.0262620449066
5.9604644775390625e-06,22.353270053863525,0.000213980674744,0.00127983093262,0.170137804939,0.0187666416168,1.29293906788,0.0185526609421
5.9604644775390625e-06,13.152298927307129,0.000218987464905,0.00130796432495,0.134896966083,0.0197598934174,0.58780271539,0.0195409059525
5.0067901611328125e-06,15.23152208328247,0.00027459859848,0.00134336948395,0.175004653263,0.0397614240646,0.943945591318,0.0394868254662
5.9604644775390625e-06,5.800189971923828,0.000200748443604,0.0011875629425,0.124352801003,0.014349937439,0.370963210868,0.0141491889954
5.9604644775390625e-06,9.385685920715332,0.000200629234314,0.00144743919373,0.115830550396,0.0156387686729,0.461597926727,0.0154381394386
1.9073486328125e-06,18.63011598587036,0.000194489955902,0.00116205215454,0.19345137908,0.00971800088882,1.31726565019,0.00952351093292
5.9604644775390625e-06,8.675117015838623,0.000190019607544,0.00118708610535,0.126254236115,0.0119740962982,0.529249612109,0.0117840766907
5.9604644775390625e-06,12.556610107421875,0.0003662109375,0.00188159942627,0.16141952564,0.039747774601,0.674883450236,0.0393815636635
4.410743713378906e-05,16.010740995407104,0.00505447387695,0.162170886993,1.04146771553,0.848583459854,7.55475222558,0.843528985977
7.700920104980469e-05,16.011954069137573,0.00378423929214,0.11276447773,1.01605660319,0.91984218359,6.78763343923,0.916057944298
7.104873657226562e-05,2.0118370056152344,0.00325220823288,0.0892128944397,0.452017729933,0.73910599947,0.455371102342,0.735853791237
6.4849853515625e-05,16.010906219482422,0.0042644739151,0.110924005508,1.07026387484,0.765685915947,7.63692745116,0.761421442032
9.012222290039062e-05,16.00817108154297,0.00508189201355,0.188697576523,0.778659537986,0.771399497986,4.95868666822,0.766317605972
5.507469177246094e-05,16.00846219062805,0.00389832258224,0.218077540398,1.02613202929,0.83553725481,6.98889685378,0.831638932228
4.696846008300781e-05,16.0120210647583,0.0015162229538,0.170845508575,1.01731757522,0.839385867119,6.75721656834,0.837869644165
6.4849853515625e-05,16.010833024978638,0.013384103775,0.252104043961,0.905314154095,0.631004095078,5.90036511951,0.617619991302
8.893013000488281e-05,32.010798931121826,0.00510519742966,0.24411046505,1.82624682784,0.643314003944,30.7890951871,0.638208806515
8.893013000488281e-05,16.008209943771362,0.00399887561798,0.107089996338,1.0708166636,0.990554571152,7.54267620534,0.986555695534
0.0006630420684814453,16.009971857070923,0.0110859870911,0.160231113434,0.902605422338,0.911327838898,5.92031650606,0.900241851807
5.888938903808594e-05,15.180942058563232,0.00192528963089,0.230762600899,0.875010440747,0.855022549629,5.28500386063,0.853097259998
1.9073486328125e-06,12.556169986724854,0.000191509723663,0.00154256820679,0.12075019477,0.0260282754898,0.451757797491,0.0258367657661
5.9604644775390625e-06,17.81668496131897,0.000202536582947,0.00120306015015,0.157253070935,0.0269930362701,0.97061859635,0.0267904996872
-9.5367431640625e-07,16.4256911277771,0.000170111656189,0.00154495239258,0.135016497444,0.0308134555817,0.759645951766,0.0306433439255
5.0067901611328125e-06,22.189192056655884,0.000128149986267,0.00123858451843,0.196624520232,0.0342806577682,1.8990022202,0.034152507782
4.0531158447265625e-06,16.641249895095825,0.000159502029419,0.00136494636536,0.138087117572,0.0200819969177,0.785824905559,0.0199224948883
9.5367431640625e-07,14.660946130752563,0.000211954116821,0.00160789489746,0.170330080963,0.0406620502472,0.923174856547,0.0404500961304
1.9073486328125e-06,10.391350984573364,0.000113248825073,0.00103759765625,0.128917616786,0.0169439911842,0.565331401881,0.0168307423592
1.9073486328125e-06,10.518635034561157,0.000239908695221,0.00132548809052,0.109304509134,0.0298973321915,0.413166800794,0.0296574234962
1.9073486328125e-06,13.167320013046265,0.000184834003448,0.00113165378571,0.132796980507,0.0168972611427,0.579960955851,0.0167124271393
1.9073486328125e-06,18.81291890144348,0.00013267993927,0.00112497806549,0.148656497073,0.0160474181175,0.948372982289,0.0159147381783
5.9604644775390625e-06,9.207632064819336,0.000277042388916,0.00156402587891,0.153997206252,0.0386791229248,0.563235082847,0.0384020805359
9.5367431640625e-07,11.80490493774414,0.000133633613586,0.00136947631836,0.135013275406,0.0313861370087,0.52780870611,0.0312525033951
5.9604644775390625e-06,62.524893045425415,0.000128030776978,0.00126481056213,0.251383399408,0.0312330722809,7.08255100624,0.0311050415039
1.9073486328125e-06,12.920236110687256,0.000411987304688,0.00294208526611,0.110818636222,0.0232161283493,0.437066649091,0.0228041410446
1.9073486328125e-06,13.54350209236145,0.000159025192261,0.00160896778107,0.146162119031,0.0156637430191,0.743638946836,0.0155047178268
5.9604644775390625e-06,10.45455002784729,0.000179052352905,0.00144100189209,0.136218340976,0.0301661491394,0.593990205615,0.0299870967865
5.0067901611328125e-06,11.634880065917969,0.000122547149658,0.00125622749329,0.138874230265,0.023122549057,0.591868870413,0.0230000019073
1.9073486328125e-06,8.708202123641968,0.00011682510376,0.00124537944794,0.0999426117704,0.0129722356796,0.328641250921,0.0128554105759
1.9073486328125e-06,12.388208150863647,0.000385046005249,0.00185751914978,0.119653640954,0.0267905592918,0.448655274592,0.0264055132866
1.9073486328125e-06,12.592190027236938,0.00014853477478,0.00113248825073,0.145387733563,0.0334005951881,0.592866400349,0.0332520604134
1.5020370483398438e-05,17.05274486541748,0.00232696533203,0.0294151306152,0.929069385137,0.294605970383,6.73575375906,0.292279005051
1.5974044799804688e-05,16.067356824874878,0.00189942121506,0.0228428840637,0.799311694172,0.195956408978,5.96910356858,0.194056987762
8.821487426757812e-06,13.765014171600342,0.00174856185913,0.00794148445129,0.486159329173,0.0319825410843,3.67196336834,0.0302339792252
8.106231689453125e-06,14.399298906326294,0.00150829553604,0.00504100322723,0.551847322512,0.0203105211258,4.71810514411,0.0188022255898
2.4080276489257812e-05,14.051720142364502,0.00215303897858,0.024847984314,0.829489603849,0.272955417633,6.25307909291,0.270802378654
1.811981201171875e-05,23.094193935394287,0.00265908241272,0.0257289409637,1.07968347693,0.354875087738,10.5048022684,0.352216005325
2.384185791015625e-05,16.892210006713867,0.00268197059631,0.0290329456329,0.789791179507,0.105310201645,6.84605120448,0.102628231049
1.9073486328125e-05,14.311485052108765,0.00288796424866,0.024563908577,0.814513543674,0.235375523567,5.71101020442,0.232487559319
2.002716064453125e-05,14.361171960830688,0.00267100334167,0.0114440917969,1.17257741822,0.295627117157,8.90354102939,0.292956113815
2.09808349609375e-05,11.768190860748291,0.00321078300476,0.0277539491653,0.723094521628,0.105232417583,4.70634865439,0.102021634579
1.1920928955078125e-05,17.060874223709106,0.00161391496658,0.0149890184402,0.47689653217,0.0370836853981,3.57230441792,0.0354697704315
1.0967254638671875e-05,14.119679927825928,0.00132238864899,0.0106865167618,0.451628070611,0.0368913412094,2.85085618129,0.0355689525604
1.7881393432617188e-05,14.272778987884521,0.00206124782562,0.022775888443,0.825572626931,0.215495049953,5.77499223444,0.213433802128
1.71661376953125e-05,13.87965202331543,0.0021231174469,0.027398109436,0.835475144179,0.263653039932,6.10429637932,0.261529922485
2.288818359375E-05,13.269222021102905,0.00247311592102,0.0229671001434,1.07919998629,0.272575974464,6.57519283991,0.270102858543
3.0994415283203125e-05,12.810914039611816,0.00227248668671,0.0228340625763,0.814990015406,0.28347247839,4.35415505847,0.281199991703
2.002716064453125e-05,14.844247817993164,0.00209838151932,0.0271378755569,0.982166084978,0.271658778191,7.00583394755,0.269560396671
2.193450927734375e-05,13.378830909729004,0.00406551361084,0.0351929664612,0.750773702349,0.157325983047,5.41389411277,0.153260469437
1.5020370483398438e-05,16.178975105285645,0.00203096866608,0.00660705566406,1.11243221977,0.900341033936,6.81662668134,0.898310065269
1.9073486328125e-05,39.29723405838013,0.00199949741364,0.0291860103607,1.60000801422,0.323206067085,28.2732886954,0.321206569672
6.9141387939453125e-06,14.729224920272827,0.00071108341217,0.00606894493103,0.235902062344,0.0385469198227,1.18707313733,0.0378358364105
6.9141387939453125e-06,5.479991912841797,0.000772953033447,0.00424003601074,0.196583320476,0.0451610088348,0.470531308119,0.0443880558014
5.0067901611328125e-06,7.206848859786987,0.000754833221436,0.00510096549988,0.255496917787,0.0541081428528,0.686756547222,0.0533533096313
5.0067901611328125e-06,8.358025074005127,0.000791072845459,0.00494599342346,0.186180236658,0.0642910003662,0.466588431554,0.0634999275208
1.9073486328125e-06,22.650071144104004,0.000575065612793,0.00602293014526,0.303428646691,0.0555748939514,2.20286057595,0.0549998283386
1.0967254638671875e-05,22.36495614051819,0.000667870044708,0.00518548488617,0.26004227975,0.0535217523575,2.13123785491,0.0528538823128
5.9604644775390625e-06,9.674269914627075,0.00111395120621,0.00593400001526,0.140957041342,0.0466238260269,0.340815657171,0.0455098748207
5.9604644775390625e-06,13.137923002243042,0.00125312805176,0.00553297996521,0.265757777261,0.0519938468933,1.29995611727,0.0507407188416
2.1457672119140625e-06,14.589231014251709,0.000977694988251,0.00614058971405,0.293187226692,0.0400294065475,1.39314369104,0.0390517115593
5.0067901611328125e-06,13.020524978637695,0.00102061033249,0.0055478811264,0.290046786561,0.0435153245926,1.33505397075,0.0424947142601
4.0531158447265625e-06,12.79586911201477,0.000886559486389,0.00475907325745,0.247954435049,0.045373916626,1.01757343286,0.0444873571396
5.9604644775390625e-06,10.1963529586792,0.000662088394165,0.00433897972107,0.211946761382,0.0661499500275,0.75375456269,0.0654878616333
6.9141387939453125e-06,6.793871879577637,0.000768899917603,0.00855088233948,0.258469840589,0.0980179309845,0.695466238103,0.0972490310669
5.9604644775390625e-06,27.275627851486206,0.000727653503418,0.00422489643097,0.243506370818,0.062362074852,2.32944930769,0.0616344213486
5.9604644775390625e-06,9.895721197128296,0.000772476196289,0.0046980381012,0.24766503999,0.0624345541,0.721466580735,0.0616620779037
5.9604644775390625e-06,9.808547019958496,0.000878095626831,0.00497484207153,0.180197600302,0.036966085434,0.564144704196,0.0360879898071
6.9141387939453125e-06,6.296209812164307,0.000977754592896,0.00798797607422,0.248280989713,0.0570886731148,0.597267226622,0.0561109185219
1.9073486328125e-06,9.276914119720459,0.00102019309998,0.00663590431213,0.245755511064,0.0401620864868,0.940060209961,0.0391418933868
5.0067901611328125e-06,21.243163108825684,0.000734686851501,0.00390100479126,0.171470256539,0.0297522544861,1.26815164776,0.0290175676346
9.5367431640625e-07,24.424155950546265,0.000877022743225,0.0059700012207,0.257831003706,0.0432393550873,2.31245490586,0.0423623323441
9.5367431640625e-07,17.62642002105713,0.000120162963867,0.00103807449341,0.136795772077,0.0158152580261,0.916404502338,0.0156950950623
5.0067901611328125e-06,8.854365110397339,0.000130653381348,0.0013040304184,0.135034100134,0.0250530838966,0.525980258205,0.0249224305153
-1.9073486328125e-06,12.452239990234375,0.000147938728333,0.0011031627655,0.151790405254,0.0251975059509,0.612931522746,0.0250495672226
5.0067901611328125e-06,12.952440977096558,0.000141620635986,0.00133895874023,0.146949207312,0.0389131903648,0.591305013313,0.0387715697289
-2.1457672119140625e-06,16.27825903892517,0.000218689441681,0.00149357318878,0.176383247375,0.0352190732956,1.04021423743,0.0350003838539
5.0067901611328125e-06,12.000285148620605,0.000179052352905,0.00116300582886,0.140852858456,0.0335779190063,0.754516049742,0.0333988666534
5.9604644775390625e-06,14.525213956832886,0.000162661075592,0.00134801864624,0.167405331621,0.0356727838516,0.935527799,0.035510122776
5.9604644775390625e-06,13.684036016464233,0.000181555747986,0.00143814086914,0.179059501167,0.0317559242249,0.940949883758,0.0315743684769
5.0067901611328125e-06,13.036332130432129,0.000246047973633,0.00170993804932,0.140704582684,0.0386719703674,0.561107738024,0.0384259223938
0,12.768237829208374,0.000213325023651,0.00133192539215,0.172487481833,0.0371903777122,0.703246268757,0.0369770526886
5.9604644775390625e-06,17.259749174118042,0.000187993049622,0.00157117843628,0.143259452915,0.0257915258408,0.931129915175,0.0256035327911
-9.5367431640625e-07,12.849245071411133,0.000223875045776,0.00191593170166,0.176890776062,0.0351150035858,0.887040134443,0.03489112854
3.0994415283203125e-06,12.320250988006592,0.000174641609192,0.00155687332153,0.176046157234,0.0331710577011,0.80278871038,0.0329964160919
5.0067901611328125e-06,12.32029414176941,0.000368058681488,0.00174450874329,0.145799334081,0.0384481549263,0.560931257353,0.0380800962448
5.0067901611328125e-06,13.646456003189087,0.000163078308105,0.00127005577087,0.136253858477,0.0185043811798,0.702093072088,0.0183413028717
1.1920928955078125e-06,12.524260997772217,0.000151634216309,0.00144588947296,0.136954132295,0.0333804488182,0.525756284127,0.0332288146019
5.0067901611328125e-06,12.256260871887207,0.000182867050171,0.00101590156555,0.143247397271,0.0348770618439,0.640639253316,0.0346941947937
5.0067901611328125e-06,35.30655813217163,0.00020432472229,0.00170695781708,0.226173538677,0.0262024402618,3.77361352455,0.0259981155396
-9.5367431640625e-07,12.35222315788269,0.000188946723938,0.0015971660614,0.142279851417,0.0324414968491,0.589413103938,0.0322525501251
5.9604644775390625e-06,12.743391036987305,0.000275135040283,0.00153517723083,0.143848249735,0.027911901474,0.584169375225,0.0276367664337
6.9141387939453125e-06,57.27223801612854,0.00167632102966,0.00980508327484,0.618885239715,0.0989130139351,14.7699008744,0.0972366929054
7.152557373046875e-06,20.01889991760254,0.00186210870743,0.00829148292542,0.326524949949,0.0635991692543,2.41920499643,0.0617370605469
-1.9073486328125e-06,4.997921943664551,0.000960230827332,0.00533449649811,0.248438321514,0.099128484726,0.436532531218,0.0981682538986
4.0531158447265625e-06,5.558631896972656,0.00152671337128,0.00518810749054,0.209043222004,0.0395088791847,0.46055484293,0.0379821658134
6.9141387939453125e-06,18.554319143295288,0.00224608182907,0.00911200046539,0.329662444415,0.0628041625023,1.97904259404,0.0605580806732
1.5020370483398438e-05,18.769206047058105,0.00198513269424,0.0254924297333,0.900347281725,0.390775680542,6.74234423031,0.388790547848
1.5020370483398438e-05,10.81494402885437,0.00201952457428,0.0225259065628,0.834459404688,0.389760732651,4.04210994832,0.387741208076
1.0967254638671875e-05,13.778085947036743,0.00128197669983,0.00462603569031,0.554706960917,0.0200161337852,4.02576462726,0.0187341570854
1.0013580322265625e-05,14.449077844619751,0.00145697593689,0.00796389579773,0.455528325182,0.031986117363,2.82457585314,0.0305291414261
1.5020370483398438e-05,15.441703081130981,0.001797914505,0.0220758914948,0.88567370006,0.192855894566,6.70937552516,0.191057980061
1.6927719116210938e-05,15.679983139038086,0.00182354450226,0.0229144096375,0.867515934141,0.376521229744,5.93580872984,0.374697685242
1.5020370483398438e-05,76.91174101829529,0.00279140472412,0.029310464859,2.44212515601,0.951365828514,103.131481113,0.94857442379
1.5974044799804688e-05,44.48622393608093,0.003741979599,0.0362584590912,1.89281703686,0.949994504452,38.1332625066,0.946252524853
1.5974044799804688e-05,76.58337807655334,0.00355291366577,0.0603760480881,2.69722003361,1.36944168806,105.225215663,1.36588877439
2.5987625122070312e-05,42.84820508956909,0.00270479917526,0.0206679105759,1.86493558719,0.941463410854,35.9387091006,0.938758611679
9.059906005859375e-06,13.643853902816772,0.0016930103302,0.00823903083801,0.483571372291,0.0342080593109,3.4774797302,0.0325150489807
8.106231689453125e-06,11.550624132156372,0.00157701969147,0.00518655776978,0.496091766604,0.0274500250816,2.64688903505,0.0258730053902
1.6927719116210938e-05,16.39849281311035,0.00201296806335,0.0226399898529,0.869503349453,0.413843870163,5.3908576492,0.4118309021
1.5974044799804688e-05,13.318469047546387,0.00299501419067,0.0292220115662,0.827440039317,0.293314933777,5.02678849324,0.290319919586
9.059906005859375e-06,12.748097896575928,0.00148141384125,0.00310611724854,0.509288716862,0.0195770263672,3.70507935655,0.0180956125259
1.5020370483398438e-05,19.9992458820343,0.00180411338806,0.0229988098145,0.866943421571,0.107347011566,8.19758120769,0.105542898178
1.5974044799804688e-05,20.08478808403015,0.00265944004059,0.0234345197678,0.925326959507,0.370401501656,7.58737293891,0.367742061615
1.5020370483398438e-05,19.27613115310669,0.00198090076447,0.0112669467926,1.48743831366,0.570419788361,12.6574387107,0.568438887596
1.5020370483398438e-05,16.070900917053223,0.00186055898666,0.0225825309753,0.847532565529,0.185905575752,6.11769578307,0.184045016766
1.5020370483398438e-05,13.333087921142578,0.00206303596497,0.0225968360901,0.790247013871,0.162094116211,5.6305687436,0.160031080246
0,2.835930109024048,0.000350952148438,0.000924110412598,0.0812664574616,0.0102581977844,0.0918654156275,0.00990724563599
-1.0013580322265625e-05,1.9947822093963623,0.000353097915649,0.00086498260498,0.076374864876,0.0102729797363,0.0842353337787,0.00991988182068
-3.0994415283203125e-06,2.0032451152801514,0.000350952148438,0.000946044921875,0.0803804259998,0.0102510452271,0.0881949637182,0.00990009307861
-2.7894973754882812e-05,1.994352102279663,0.0003502368927,0.000872015953064,0.0811151114147,0.0103312730789,0.0878867057906,0.00998103618622
-2.09808349609375e-05,16.446540117263794,0.000354051589966,0.000898957252502,0.0943400134911,0.0101764202118,0.295879705242,0.00982236862183
-3.0994415283203125e-05,22.747631072998047,0.000353574752808,0.000906467437744,0.0951144430372,0.0103068351746,0.463389417748,0.00995326042175
-2.8848648071289062e-05,19.537768125534058,0.000370979309082,0.0010769367218,0.0955962245274,0.0272181034088,0.365126902377,0.0268471240997
0,12.92612099647522,0.00036233663559,0.00104594230652,0.103051170685,0.0376545786858,0.230585674101,0.0372922420502
-1.1920928955078125e-05,8.327123165130615,0.000365972518921,0.00105392932892,0.0946920570274,0.0310679078102,0.162102904197,0.0307019352913
0,12.914970874786377,0.000365018844604,0.00105202198029,0.104365519356,0.0375595092773,0.252314003204,0.0371944904327
-3.504753112792969e-05,3.364645004272461,0.000355243682861,0.000828981399536,0.0726925345707,0.00882709026337,0.0905248273185,0.00847184658051
-2.5033950805664062e-05,6.137933015823364,0.00034499168396,0.000899791717529,0.0838229450114,0.0102610588074,0.11347393619,0.00991606712341
9.5367431640625e-07,3.1850619316101074,0.00035685300827,0.000887513160706,0.0819288577077,0.0103818774223,0.0895196496547,0.0100250244141
-1.1920928955078125e-05,1.9942009449005127,0.000349998474121,0.000890016555786,0.0782122289273,0.0103265047073,0.0818394664065,0.00997650623322
-1.9073486328125e-05,19.836854934692383,0.000334024429321,0.000910997390747,0.0953462972419,0.0103311538696,0.375456314929,0.00999712944031
-2.9802322387695312e-05,1.994523048400879,0.000345945358276,0.00089955329895,0.0782283611471,0.0102746486664,0.0852004757143,0.00992870330811
-2.09808349609375e-05,47.29662489891052,0.000349044799805,0.000882148742676,0.115349951304,0.010274887085,1.76640298553,0.00992584228516
-1.3113021850585938e-05,2.487076997756958,0.000361740589142,0.000893473625183,0.0754310912871,0.0103280544281,0.0914526858526,0.00996631383896
0,4.537937164306641,0.000354051589966,0.000868916511536,0.0820556128879,0.0102530121803,0.108827697699,0.00989896059036
0,6.9136669635772705,0.000355005264282,0.000891447067261,0.0840419395983,0.0104012489319,0.119387697983,0.0100462436676